,team1,team2,winner,pred1,preddraw,pred2
0,Brazil,Argentina,Brazil,0.6108796447348538,0.24565668219170822,0.14346367307343802
1,England,Portugal,England,0.6547504939711796,0.20882817502474452,0.13642133100407602
2,France,England,England,0.31596477929892924,0.2613270118282881,0.4227082088727826
3,Portugal,Germany,Germany,0.3376335596119066,0.2783988457359954,0.38396759465209795
4,Spain,Croatia,Spain,0.6056862120613176,0.25521891711364814,0.13909487082503433
5,Brazil,Uruguay,Brazil,0.7281865297446642,0.16707475986558085,0.10473871038975487
6,Belgium,Germany,Germany,0.31134912855858954,0.18609435300026914,0.5025565184411412
7,Portugal,Switzerland,Portugal,0.5903333225308713,0.2556940226889722,0.15397265478015662
